StartDate,EndDate,Status,IPAddress,Progress,Duration (in seconds),Finished,RecordedDate,ResponseId,RecipientLastName,RecipientFirstName,RecipientEmail,ExternalReference,LocationLatitude,LocationLongitude,DistributionChannel,UserLanguage,Q1_1,Q1_2,Q2,Q2_4_TEXT,Q3_1,Q9,Q4,Q5_1,Q5_2,Q5_3,Q5_4,Q5_5,Q5_5_TEXT,Q6,Q7,Q8,Q9 - Topics
Start Date,End Date,Response Type,IP Address,Progress,Duration (in seconds),Finished,Recorded Date,Response ID,Recipient Last Name,Recipient First Name,Recipient Email,External Data Reference,Location Latitude,Location Longitude,Distribution Channel,User Language,Please enter your first name and last name in the form below. - First Name,Please enter your first name and last name in the form below. - Last Name,What is your gender? - Selected Choice,What is your gender? - Prefer to self describe - Text,What is your email address? - Email Address,Do you have any dietary restrictions?,Please indicate which training sessions you would like to participate in (you will receive emails with the necessary materials and the location of the session).,"There will be two optional workshops during the brainhack, please rank which topics you would like to cover. - Reproducible Software Environments: Docker/Singularity","There will be two optional workshops during the brainhack, please rank which topics you would like to cover. - Brain Imaging Data Structure (BIDS)","There will be two optional workshops during the brainhack, please rank which topics you would like to cover. - Testing your Analysis: (Circleci/Travisci)","There will be two optional workshops during the brainhack, please rank which topics you would like to cover. - Neuroimaging in Python","There will be two optional workshops during the brainhack, please rank which topics you would like to cover. - Other","There will be two optional workshops during the brainhack, please rank which topics you would like to cover. - Other - Text",Do you have a project idea that is not listed on the projects page?,What is the title of the project?,Briefly describe the project in 1-5 sentences.,Q9 - Topics
"{""ImportId"":""startDate"",""timeZone"":""America/Denver""}","{""ImportId"":""endDate"",""timeZone"":""America/Denver""}","{""ImportId"":""status""}","{""ImportId"":""ipAddress""}","{""ImportId"":""progress""}","{""ImportId"":""duration""}","{""ImportId"":""finished""}","{""ImportId"":""recordedDate"",""timeZone"":""America/Denver""}","{""ImportId"":""_recordId""}","{""ImportId"":""recipientLastName""}","{""ImportId"":""recipientFirstName""}","{""ImportId"":""recipientEmail""}","{""ImportId"":""externalDataReference""}","{""ImportId"":""locationLatitude""}","{""ImportId"":""locationLongitude""}","{""ImportId"":""distributionChannel""}","{""ImportId"":""userLanguage""}","{""ImportId"":""QID172807733_1""}","{""ImportId"":""QID172807733_2""}","{""ImportId"":""QID172807738""}","{""ImportId"":""QID172807738_4_TEXT""}","{""ImportId"":""QID172807745_1""}","{""ImportId"":""QID70_TEXT""}","{""ImportId"":""QID172807735""}","{""ImportId"":""QID69_1""}","{""ImportId"":""QID69_2""}","{""ImportId"":""QID69_3""}","{""ImportId"":""QID69_4""}","{""ImportId"":""QID69_5""}","{""ImportId"":""QID69_5_TEXT""}","{""ImportId"":""QID72""}","{""ImportId"":""QID73_TEXT""}","{""ImportId"":""QID75_TEXT""}","{""ImportId"":""QID70_TEXT_e1192818955746038b354831Topics""}"
2019-05-16 14:36:35,2019-05-16 14:36:44,Survey Preview,,100,8,True,2019-05-16 14:36:44,R_3dGQKCpmANsucDz,,,,,41.66180419921875,-91.54090118408203125,preview,EN,,,,,,,,,,,,,,,,,
2019-05-16 14:39:30,2019-05-16 14:42:20,Survey Preview,,100,170,True,2019-05-16 14:42:21,R_27NFTMfbb7XyBDJ,,,,,41.66180419921875,-91.54090118408203125,preview,EN,,,,,,,,,,,,,,,,,
2019-05-28 15:39:48,2019-05-28 16:44:40,Survey Preview,,100,3892,True,2019-05-28 16:44:40,R_aibXu6tXX1lpEBz,,,,,41.66180419921875,-91.54090118408203125,preview,EN,,,,,,,,,,,,,,,,,
2019-06-06 08:58:47,2019-06-06 09:00:36,IP Address,128.255.157.212,100,109,True,2019-06-06 09:00:36,R_Y0u9mKnwjfw2RUJ,,,,,41.66180419921875,-91.54090118408203125,anonymous,EN,,,,,,,,,,,,,,,,,
2019-06-06 08:57:54,2019-06-06 09:00:42,IP Address,128.255.159.245,100,168,True,2019-06-06 09:00:43,R_1OB4x77kYF2up19,,,,,41.66180419921875,-91.54090118408203125,anonymous,EN,,,,,,,,,,,,,,,,,
2019-05-31 14:13:21,2019-06-06 09:00:44,IP Address,80.21.56.10,100,499643,True,2019-06-06 09:00:45,R_30iZtCmkeWZYV7C,,,,,41.8903961181640625,12.5124053955078125,anonymous,EN,,,,,,,,,,,,,,,,,
2019-06-06 09:00:40,2019-06-06 09:01:46,IP Address,129.255.1.225,100,65,True,2019-06-06 09:01:46,R_3RrL3RsBu17dY8c,,,,,41.66180419921875,-91.54090118408203125,anonymous,EN,,,,,,,,5,4,1,3,2,,,,,
2019-06-06 09:31:39,2019-06-06 09:32:56,IP Address,173.31.202.181,100,77,True,2019-06-06 09:32:57,R_1RBZAUxgOxdRvqh,,,,,38.938201904296875,-92.304901123046875,anonymous,EN,,,,,,,,,,,,,,,,,
2019-06-06 10:44:00,2019-06-06 10:47:19,IP Address,128.255.31.235,100,198,True,2019-06-06 10:47:19,R_DGzlRjHQLYoNYxX,,,,,41.66180419921875,-91.54090118408203125,anonymous,EN,Hans,Johnson,Male,,hans-johnson@uiowa.edu,No,,1,2,4,3,5,,Yes,BRAINS AutoWorkup BIDS Conformance,The BRAINS AutoWorkup proprietary output structure will better serve the community if it generates BIDS compliant derivative outputs.  This project will focus on the efforts necessary to generate BIDS compliant output.,Unknown
2019-06-06 11:11:38,2019-06-06 11:13:02,IP Address,128.255.223.33,100,84,True,2019-06-06 11:13:03,R_3R2wqkR4DhrZuK1,,,,,41.66180419921875,-91.54090118408203125,anonymous,EN,,,,,,,,,,,,,,,,,
2019-06-06 12:16:46,2019-06-06 12:18:35,IP Address,129.255.1.142,100,108,True,2019-06-06 12:18:35,R_2EB43uvQbBUTVjr,,,,,41.66180419921875,-91.54090118408203125,anonymous,EN,,,,,,,,,,,,,,,,,
2019-06-06 12:58:29,2019-06-06 13:01:25,IP Address,129.255.224.76,100,176,True,2019-06-06 13:01:26,R_yqGEeVZf7NrYnJL,,,,,41.66180419921875,-91.54090118408203125,anonymous,EN,Megan,Schumer,Female,,megan-schumer@uiowa.edu,,,3,1,4,2,5,,No,,,
2019-06-03 12:51:06,2019-06-03 12:53:08,IP Address,128.255.221.12,10,121,False,2019-06-10 12:53:33,R_2xFP4JY3X6rMXfP,,,,,,,anonymous,EN,,,,,,,,,,,,,,,,,
2019-06-10 14:54:12,2019-06-10 15:00:20,IP Address,128.255.158.124,100,367,True,2019-06-10 15:00:20,R_3EsEqAVNw89Di2D,,,,,41.66180419921875,-91.54090118408203125,anonymous,EN,Michelle,Voss,Female,,michelle-voss@uiowa.edu,"no chicken, prefer lower carb options","June 21st: Shell/Software Installation,June 28th: Git/Github,July 5th: Python Introduction (Remote Help),July 12th: R Introduction,July 19th: High Performance Computing (HPC)",1,4,2,3,5,W311 Seashore Hall,Yes,PigRestNets,"I would like to adapt mriqc and fmriprep to run with pig anatomical template, and then run resting state functional connectivity analyses. Final goal would be to run a seed-based analysis, determine ROIs for whole brain analyses, and get ROI-ROI correlation matrix from ROIs. Ultimate goal is to test whether we see similar set of canonical networks in pig as human and primate.",Unknown
2019-06-11 13:37:04,2019-06-11 13:39:59,IP Address,128.255.54.67,100,174,True,2019-06-11 13:39:59,R_2OJR6urdXDI5CeG,,,,,41.66180419921875,-91.54090118408203125,anonymous,EN,Amy,Chen,Female,,amy-chen@uiowa.edu,No,"June 28th: Git/Github,July 5th: Python Introduction (Remote Help),July 12th: R Introduction",,,,,,,No,,,Unknown
2019-06-06 09:01:36,2019-06-11 13:48:57,IP Address,128.255.157.242,100,449241,True,2019-06-11 13:48:57,R_1q9cH9I1MCHAcF3,,,,,41.66180419921875,-91.54090118408203125,anonymous,EN,vanessa,alizo,Female,,vanessa-alizo@uiowa.edu,no,"June 21st: Shell/Software Installation,June 28th: Git/Github,July 5th: Python Introduction (Remote Help),July 12th: R Introduction,July 19th: High Performance Computing (HPC)",5,3,2,4,1,,No,,,Unknown
2019-06-11 15:36:01,2019-06-11 15:47:08,IP Address,128.255.30.35,100,666,True,2019-06-11 15:47:09,R_Ugrm3iq7VUVsG1b,,,,,41.66180419921875,-91.54090118408203125,anonymous,EN,Gary,Christensen,Male,,gary-christensen@uiowa.edu,,"July 12th: R Introduction,July 19th: High Performance Computing (HPC)",4,5,2,1,3,,No,,,
2019-06-11 15:25:16,2019-06-11 15:54:06,IP Address,129.255.1.142,100,1729,True,2019-06-11 15:54:06,R_yZMH16XvVNNI6Nr,,,,,41.66180419921875,-91.54090118408203125,anonymous,EN,Beng Choon,Ho,Male,,beng-ho@uiowa.edu,none,"June 21st: Shell/Software Installation,June 28th: Git/Github,July 5th: Python Introduction (Remote Help),July 12th: R Introduction,July 19th: High Performance Computing (HPC)",2,4,3,1,5,,No,,,Unknown
2019-06-11 19:59:57,2019-06-11 20:07:04,IP Address,50.83.103.89,100,427,True,2019-06-11 20:07:04,R_XnUpfAUcEwmtXFf,,,,,41.693695068359375,-91.59059906005859375,anonymous,EN,"Nana ","Owusu ",Male,,nana-owusu@uiowa.edu,No,"July 12th: R Introduction,July 19th: High Performance Computing (HPC)",2,4,1,3,5,,No,,,Unknown
2019-06-12 07:37:09,2019-06-12 07:39:51,IP Address,129.255.1.139,100,162,True,2019-06-12 07:39:52,R_3h6MPBYf5JhHboF,,,,,41.66180419921875,-91.54090118408203125,anonymous,EN,Johanna,Uthoff,Female,,johanna-uthoff@uiowa.edu,None,"June 21st: Shell/Software Installation,June 28th: Git/Github,July 5th: Python Introduction (Remote Help),July 19th: High Performance Computing (HPC)",2,4,3,1,5,,No,,,Unknown
2019-06-03 13:07:15,2019-06-05 09:50:26,IP Address,128.255.222.68,10,160991,False,2019-06-12 09:50:32,R_2EyE14GmyTOjzg6,,,,,,,anonymous,EN,,,,,,,,,,,,,,,,,
2019-06-12 14:34:14,2019-06-12 14:36:50,IP Address,129.255.226.166,100,156,True,2019-06-12 14:36:50,R_Cdmi7gKae4lcflv,,,,,41.66180419921875,-91.54090118408203125,anonymous,EN,Amanda,Pan,Female,,yue-pan-1@uiowa.edu,no,"June 21st: Shell/Software Installation,June 28th: Git/Github,July 5th: Python Introduction (Remote Help),July 12th: R Introduction,July 19th: High Performance Computing (HPC)",3,2,5,1,4,,No,,,Unknown
2019-06-12 14:50:50,2019-06-12 16:30:49,IP Address,128.255.23.231,100,5999,True,2019-06-12 16:30:50,R_2vcQ8Wo5UszCKUw,,,,,41.66180419921875,-91.54090118408203125,anonymous,EN,,,,,,,,,,,,,,,,,
2019-06-06 09:04:40,2019-06-06 09:06:49,IP Address,128.255.152.50,10,129,False,2019-06-13 09:06:56,R_2rdPiLhQhlRkVWx,,,,,,,anonymous,EN,,,,,,,,,,,,,,,,,
2019-06-06 08:51:37,2019-06-06 09:07:49,IP Address,128.255.221.47,10,971,False,2019-06-13 09:08:24,R_2fuMCHjYY4OBPL4,,,,,,,anonymous,EN,,,,,,,,,,,,,,,,,
2019-06-06 09:30:50,2019-06-06 09:31:23,IP Address,128.255.157.212,10,32,False,2019-06-13 09:31:27,R_zfhaGeFZFKG343f,,,,,,,anonymous,EN,,,,,,,,,,,,,,,,,
2019-06-06 09:53:16,2019-06-06 09:54:05,IP Address,129.255.224.190,10,49,False,2019-06-13 09:54:15,R_zZi10NTi6l85qYV,,,,,,,anonymous,EN,,,,,,,,,,,,,,,,,
2019-06-06 08:57:20,2019-06-06 10:24:19,IP Address,129.255.228.237,10,5219,False,2019-06-13 10:24:40,R_2UhCvpgQDckjUHC,,,,,,,anonymous,EN,,,,,,,,,,,,,,,,,
2019-06-06 09:05:14,2019-06-06 10:38:26,IP Address,128.255.159.83,10,5592,False,2019-06-13 10:38:33,R_1LAHZDKLPwffY16,,,,,,,anonymous,EN,,,,,,,,,,,,,,,,,
2019-06-06 11:09:31,2019-06-06 11:11:29,IP Address,173.28.94.162,10,117,False,2019-06-13 11:11:49,R_2AXarlTuY64gNxG,,,,,,,anonymous,EN,,,,,,,,,,,,,,,,,
2019-06-06 11:18:26,2019-06-06 11:19:35,IP Address,128.255.214.50,10,68,False,2019-06-13 11:20:00,R_3Rz0SgaiSRZ0rBc,,,,,,,anonymous,EN,,,,,,,,,,,,,,,,,
2019-06-11 16:04:53,2019-06-13 12:58:23,IP Address,128.255.31.208,100,161609,True,2019-06-13 12:58:23,R_1g78U6G39qwf0yZ,,,,,41.66180419921875,-91.54090118408203125,anonymous,EN,Shiba,Kuanar,,,shiba-kuanar@uiowa.edu,Veg,July 19th: High Performance Computing (HPC),1,3,4,2,5,,No,,,Unknown
2019-06-06 13:17:28,2019-06-06 13:20:28,IP Address,128.255.214.50,10,180,False,2019-06-13 13:20:34,R_2TY0wM2qsiv0x5E,,,,,,,anonymous,EN,,,,,,,,,,,,,,,,,
2019-06-06 12:46:43,2019-06-06 13:33:17,IP Address,128.255.157.85,10,2793,False,2019-06-13 13:33:25,R_2QEyUARBGSQY2I0,,,,,,,anonymous,EN,,,,,,,,,,,,,,,,,
2019-06-06 11:12:23,2019-06-06 15:06:18,IP Address,129.255.227.155,10,14035,False,2019-06-13 15:06:30,R_1lzSJclWeTXZWVx,,,,,,,anonymous,EN,,,,,,,,,,,,,,,,,
2019-06-10 07:50:17,2019-06-10 07:53:42,IP Address,129.255.229.110,10,205,False,2019-06-17 07:54:01,R_3exd3y7miEHTrsM,,,,,,,anonymous,EN,,,,,,,,,,,,,,,,,
2019-06-10 08:54:51,2019-06-10 09:06:11,IP Address,129.255.228.248,10,680,False,2019-06-17 09:06:13,R_PBqzPaaCuYlLy49,,,,,,,anonymous,EN,,,,,,,,,,,,,,,,,
2019-06-10 09:23:32,2019-06-10 09:29:19,IP Address,128.255.38.192,10,346,False,2019-06-17 09:29:19,R_2rCs2TLxtIpSMgR,,,,,,,anonymous,EN,,,,,,,,,,,,,,,,,
2019-06-11 14:04:23,2019-06-11 14:18:00,IP Address,128.255.55.230,10,817,False,2019-06-18 14:18:53,R_W8zxDXw6WSxy8Df,,,,,,,anonymous,EN,,,,,,,,,,,,,,,,,
2019-06-11 15:31:31,2019-06-11 15:31:58,IP Address,129.255.225.212,10,27,False,2019-06-18 15:32:46,R_2Yf62KTpFWcpm0k,,,,,,,anonymous,EN,,,,,,,,,,,,,,,,,
2019-06-11 16:10:42,2019-06-11 16:13:38,IP Address,129.255.1.142,10,176,False,2019-06-18 16:13:40,R_1JD9ocs9KT27whl,,,,,,,anonymous,EN,,,,,,,,,,,,,,,,,
2019-06-19 08:15:33,2019-06-19 08:20:06,IP Address,216.175.30.186,100,273,True,2019-06-19 08:20:06,R_dnzRi9VfHEwTTsR,,,,,41.494293212890625,-90.50009918212890625,anonymous,EN,Jatin,Vaidya,Male,,jatin-vaidya@uiowa.edu,Vegetarian,,2,4,3,1,5,,No,,,Unknown
2019-06-12 12:06:00,2019-06-12 12:07:40,IP Address,129.255.1.139,10,99,False,2019-06-19 12:07:57,R_2Yx16cHTD8nNhb0,,,,,,,anonymous,EN,,,,,,,,,,,,,,,,,
2019-06-12 16:31:38,2019-06-12 16:31:52,IP Address,128.255.23.231,10,13,False,2019-06-19 16:31:56,R_AtzBUrFrMFNEN5T,,,,,,,anonymous,EN,,,,,,,,,,,,,,,,,
2019-06-06 12:39:01,2019-06-12 19:17:34,IP Address,50.83.157.82,10,542313,False,2019-06-19 19:17:40,R_Q0uWnSHGi4Rw0tb,,,,,,,anonymous,EN,,,,,,,,,,,,,,,,,
2019-06-20 09:47:11,2019-06-20 09:50:49,IP Address,128.255.116.251,100,218,True,2019-06-20 09:50:50,R_RlSruax06yuLLFf,,,,,41.66180419921875,-91.54090118408203125,anonymous,EN,,,,,,,,,,,,,,,,,
2019-06-14 15:38:14,2019-06-14 15:38:38,IP Address,128.255.31.208,10,24,False,2019-06-21 15:38:57,R_278tIV0GJGxQfeu,,,,,,,anonymous,EN,,,,,,,,,,,,,,,,,
2019-06-16 09:46:57,2019-06-16 09:48:08,IP Address,76.78.88.161,10,70,False,2019-06-23 09:48:41,R_6J1ZP8jfHV1Wljj,,,,,,,anonymous,EN,,,,,,,,,,,,,,,,,
2019-06-13 14:46:53,2019-06-17 09:29:07,IP Address,129.255.224.12,10,326533,False,2019-06-24 09:29:41,R_2xJjBjWubSv8lxZ,,,,,,,anonymous,EN,,,,,,,,,,,,,,,,,
2019-06-18 07:42:21,2019-06-18 07:43:48,IP Address,129.255.228.173,10,86,False,2019-06-25 07:43:53,R_1KwGu1AHlCaaQBx,,,,,,,anonymous,EN,,,,,,,,,,,,,,,,,
2019-06-19 12:41:04,2019-06-19 12:42:01,IP Address,128.255.221.231,10,57,False,2019-06-26 12:42:03,R_3MQ1OCGraf3ORjh,,,,,,,anonymous,EN,,,,,,,,,,,,,,,,,
2019-06-27 08:41:37,2019-06-27 08:49:24,IP Address,129.255.224.13,100,467,True,2019-06-27 08:49:24,R_2OPf2Agw1SlyKe0,,,,,41.66180419921875,-91.54090118408203125,anonymous,EN,Anh,Nguyen,Female,,anh-nguyen-1@uiowa.edu,No,July 19th: High Performance Computing (HPC),2,3,4,1,5,,No,,,Unknown
2019-06-30 16:35:45,2019-06-30 16:54:24,IP Address,173.28.188.49,100,1118,True,2019-06-30 16:54:25,R_3PufbtFKleb7Vz2,,,,,41.64349365234375,-91.5684967041015625,anonymous,EN,Melanie,King,Female,,melanie-king@uiowa.edu,No,"July 12th: R Introduction,July 19th: High Performance Computing (HPC)",4,1,3,2,5,,No,,,Unknown
2019-06-23 22:44:48,2019-06-23 22:45:54,IP Address,76.78.88.161,10,66,False,2019-06-30 22:46:24,R_21amN7ICflhgmmS,,,,,,,anonymous,EN,,,,,,,,,,,,,,,,,
2019-06-24 08:05:34,2019-06-24 08:06:24,IP Address,128.255.223.83,10,50,False,2019-07-01 08:06:39,R_1hYUup1i221RfPX,,,,,,,anonymous,EN,,,,,,,,,,,,,,,,,
2019-06-24 08:15:26,2019-06-24 08:15:56,IP Address,128.255.31.208,10,30,False,2019-07-01 08:26:09,R_eFDws5W5wNheOrf,,,,,,,anonymous,EN,,,,,,,,,,,,,,,,,
2019-07-02 08:32:45,2019-07-02 08:34:30,IP Address,128.255.152.67,100,105,True,2019-07-02 08:34:30,R_C2cVyCMcU7nKSuB,,,,,37.751007080078125,-97.82199859619140625,anonymous,EN,Taylor,Thomas,Female,,taylor-r-thomas@uiowa.edu,No,,4,2,3,1,5,,No,,,Unknown
2019-06-20 09:48:15,2019-06-26 10:33:43,IP Address,128.255.117.123,10,521128,False,2019-07-03 10:34:05,R_2rTt0DkAWkCRt6Q,,,,,,,anonymous,EN,,,,,,,,,,,,,,,,,
2019-07-03 14:58:50,2019-07-03 15:02:18,IP Address,129.255.229.166,100,208,True,2019-07-03 15:02:18,R_2wLkGwPqQRpVYQA,,,,,41.66180419921875,-91.54090118408203125,anonymous,EN,banu,gumusoglu,Female,,serena-gumusoglu@uiowa.edu,"vegetarian ","June 21st: Shell/Software Installation,June 28th: Git/Github,July 5th: Python Introduction (Remote Help),July 12th: R Introduction,July 19th: High Performance Computing (HPC)",,,,,,,No,,,Unknown
2019-07-05 14:26:31,2019-07-05 14:28:35,IP Address,52.119.108.134,100,123,True,2019-07-05 14:28:37,R_11Xc8hPmLOvj2pf,,,,,41.6343994140625,-91.505401611328125,anonymous,EN,,,,,,,,,,,,,,,,,
2019-07-08 08:59:32,2019-07-08 09:01:36,IP Address,128.255.155.249,100,123,True,2019-07-08 09:01:37,R_2aVRoVGo6KF6sNA,,,,,37.751007080078125,-97.82199859619140625,anonymous,EN,sterling,ortega,Male,,sterling-ortega@uiowa.edu,none,,,,,,,,,,,Unknown
2019-07-01 09:20:09,2019-07-01 09:23:17,IP Address,128.255.39.176,10,187,False,2019-07-08 09:23:26,R_BV9hMtSBWYDlwDD,,,,,,,anonymous,EN,,,,,,,,,,,,,,,,,
2019-07-01 11:12:00,2019-07-01 11:15:41,IP Address,128.255.223.138,10,221,False,2019-07-08 11:15:58,R_1gTRMK1sbDLFCYY,,,,,,,anonymous,EN,,,,,,,,,,,,,,,,,
2019-07-09 12:48:00,2019-07-09 12:49:15,IP Address,73.62.232.6,100,74,True,2019-07-09 12:49:15,R_3FLJRB0KWXgDawB,,,,,45.0139007568359375,-93.15450286865234375,anonymous,EN,,,,,,,,,,,,,,,,,
2019-07-10 09:25:43,2019-07-10 09:29:07,IP Address,129.255.226.70,100,204,True,2019-07-10 09:29:09,R_1dKsxgsoY84fTyl,,,,,41.66180419921875,-91.54090118408203125,anonymous,EN,Huyen,Le,Female,,huyen-t-le@uiowa.edu,no,"June 21st: Shell/Software Installation,June 28th: Git/Github,July 5th: Python Introduction (Remote Help),July 12th: R Introduction,July 19th: High Performance Computing (HPC)",,,,,,,No,,,
2019-07-03 12:29:46,2019-07-03 12:30:29,IP Address,97.127.215.165,10,43,False,2019-07-10 12:30:34,R_3KIOMYttLDiCCfN,,,,,,,anonymous,EN,,,,,,,,,,,,,,,,,
2019-07-03 12:44:09,2019-07-03 12:45:46,IP Address,129.255.231.205,10,96,False,2019-07-10 12:45:50,R_1jBZlTBtRbTF7hy,,,,,,,anonymous,EN,,,,,,,,,,,,,,,,,
2019-07-03 14:26:17,2019-07-03 14:27:12,IP Address,129.255.227.64,10,55,False,2019-07-10 14:27:13,R_2VBCabpyVhBRkHN,,,,,,,anonymous,EN,,,,,,,,,,,,,,,,,
2019-07-11 05:25:48,2019-07-11 05:33:19,IP Address,67.55.227.249,100,451,True,2019-07-11 05:33:19,R_Ab8IHVeiIFrmjG9,,,,,41.6343994140625,-91.505401611328125,anonymous,EN,Maria,Noterman,Female,,maria-noterman@uiowa.edu,,"July 12th: R Introduction,July 19th: High Performance Computing (HPC)",2,4,1,5,3,"169 Newton Rd, PBDB 1316",Yes,'-Omics Analysis,"How to organize, normalize, and analyze data from omics level datasets (ie; proteomics, metabolomics, transcriptomics)",
2019-07-10 09:28:58,2019-07-12 08:17:10,IP Address,128.255.9.132,100,168491,True,2019-07-12 08:17:10,R_2ePUyrD9CVlPuMb,,,,,37.751007080078125,-97.82199859619140625,anonymous,EN,Chooza,Moon,Female,,chooza-moon@uiowa.edu,,"June 21st: Shell/Software Installation,June 28th: Git/Github,July 19th: High Performance Computing (HPC)",2,1,4,3,5,,No,,,
2019-07-12 09:46:05,2019-07-12 12:11:18,IP Address,128.255.116.251,100,8712,True,2019-07-12 12:11:18,R_2tDK1JGVC22vqBa,,,,,37.751007080078125,-97.82199859619140625,anonymous,EN,kanza,khan,Female,,kanza-khan@uiowa.edu,no,,5,2,3,1,4,,No,,,
2019-07-13 17:23:13,2019-07-13 17:25:06,IP Address,173.26.245.90,100,113,True,2019-07-13 17:25:07,R_2q4RwLIrqW1cRjL,,,,,41.662200927734375,-91.51490020751953125,anonymous,EN,Matt,Sodoma,Male,,matthew-sodoma@uiowa.edu,No,July 19th: High Performance Computing (HPC),3,4,2,1,5,,No,,,
2019-07-13 23:00:13,2019-07-13 23:03:14,IP Address,173.21.255.192,100,180,True,2019-07-13 23:03:14,R_24ug2A5Dq6Nk1Lo,,,,,41.6343994140625,-91.505401611328125,anonymous,EN,Krystal,Nizar,Female,,Krystal-nizar@uiowa.edu,No dairy,,3,2,4,1,5,,No,,,
2019-07-15 07:40:30,2019-07-15 07:49:24,IP Address,128.255.152.57,100,534,True,2019-07-15 07:49:24,R_3z7lJhwyOBkdMVr,,,,,37.751007080078125,-97.82199859619140625,anonymous,EN,Tanner,Koomar,Male,,tanner-koomar@uiowa.edu,no,,2,1,4,5,3,,Yes,Correcting for Confounders in Deep Learning on Structural MRI,"With the large number of interactions detected by CNNs, the optimal way to correct for known confounders in brain imagining seems to be within the network itself. This project will focus on experimenting with model architectures on a multi-site dataset. ",
2019-07-15 08:07:02,2019-07-15 08:10:55,IP Address,128.255.152.52,100,232,True,2019-07-15 08:10:56,R_2ri1yIQLN6kt6e0,,,,,37.751007080078125,-97.82199859619140625,anonymous,EN,Ethan,Bahl,Male,,ethan-bahl@uiowa.edu,,,,,,,,,Yes,Sequence-based deep learning models.,The goal of the project is to develop sequence-based deep learning models to predict the impact of variation in non coding portions of the genome which shape transcriptional regulation associated with cognitive processes.,
2019-07-15 08:57:42,2019-07-15 08:59:01,IP Address,182.185.139.255,100,79,True,2019-07-15 08:59:02,R_3KGzUlMf8CZ4nAm,,,,,31.49090576171875,74.36810302734375,anonymous,EN,Hunza,Zainab,Female,,hunza-zainab@uiowa.edu,,,4,1,2,3,5,,No,,,
2019-07-15 09:01:32,2019-07-15 09:31:01,IP Address,128.255.222.51,100,1769,True,2019-07-15 09:31:02,R_2908alI6h4rwqBT,,,,,37.751007080078125,-97.82199859619140625,anonymous,EN,Austin,Bruce,Male,,robert-bruce@uiowa.edu,No,,2,3,1,4,5,,No,,,
2019-07-08 10:06:49,2019-07-08 10:12:29,IP Address,128.255.39.167,10,339,False,2019-07-15 10:12:34,R_1rv9pT5mP6nqm7W,,,,,,,anonymous,EN,,,,,,,,,,,,,,,,,
2019-07-15 10:46:19,2019-07-15 10:47:56,IP Address,128.255.152.50,100,96,True,2019-07-15 10:47:56,R_1MYcf8KHqSavFad,,,,,37.751007080078125,-97.82199859619140625,anonymous,EN,Leo,Brueggeman,Male,,leo-brueggeman@uiowa.edu,no,,3,2,4,1,5,,No,,,
2019-07-08 11:05:29,2019-07-08 11:07:02,IP Address,129.255.229.167,10,92,False,2019-07-15 11:07:07,R_9vlq5IPiAYWejCN,,,,,,,anonymous,EN,,,,,,,,,,,,,,,,,
2019-07-08 08:25:09,2019-07-08 11:51:42,IP Address,129.255.238.61,10,12392,False,2019-07-15 11:51:47,R_BVe69HZDwh5Tqx3,,,,,,,anonymous,EN,,,,,,,,,,,,,,,,,
2019-07-08 16:34:37,2019-07-08 16:35:54,IP Address,199.116.118.235,10,77,False,2019-07-15 16:36:09,R_TuNtdEx4526h1mN,,,,,,,anonymous,EN,,,,,,,,,,,,,,,,,
2019-07-08 19:45:13,2019-07-08 19:45:50,IP Address,173.27.98.208,10,37,False,2019-07-15 19:45:55,R_2eRzt5jhYr6FGFm,,,,,,,anonymous,EN,,,,,,,,,,,,,,,,,
2019-07-09 10:38:52,2019-07-09 11:09:20,IP Address,128.255.157.22,10,1827,False,2019-07-16 11:09:27,R_2chnwMghyoxAaKb,,,,,,,anonymous,EN,,,,,,,,,,,,,,,,,
2019-07-16 17:25:03,2019-07-16 17:31:12,IP Address,173.28.219.174,100,368,True,2019-07-16 17:31:12,R_307vWCVsPgMoTXG,,,,,41.6343994140625,-91.505401611328125,anonymous,EN,Huan,Cai,Female,,chephen_cai@hotmail.com,no,,4,3,1,2,5,,No,,,
2019-07-10 09:10:00,2019-07-10 09:11:38,IP Address,129.255.226.16,10,97,False,2019-07-17 09:11:39,R_2cuutmmhtbLNFa4,,,,,,,anonymous,EN,,,,,,,,,,,,,,,,,
2019-07-10 09:13:06,2019-07-10 09:15:57,IP Address,128.255.86.208,10,171,False,2019-07-17 09:16:20,R_33Cin3795DtYBUG,,,,,,,anonymous,EN,,,,,,,,,,,,,,,,,
2019-07-10 14:56:15,2019-07-10 14:56:54,IP Address,63.152.57.26,10,38,False,2019-07-17 14:57:07,R_PGwUHGrRGxfmDjb,,,,,,,anonymous,EN,,,,,,,,,,,,,,,,,
2019-07-18 08:27:57,2019-07-18 08:31:53,IP Address,128.255.152.49,100,235,True,2019-07-18 08:31:54,R_1jU1xI2Re1gHBpO,,,,,37.751007080078125,-97.82199859619140625,anonymous,EN,Lea,Tiyavorabun,Prefer not to say,,lea-tiyavorabun@uiowa.edu,vegetarian,July 19th: High Performance Computing (HPC),,,,,,,No,,,
2019-07-08 10:13:48,2019-07-11 12:06:29,IP Address,128.255.221.213,10,265961,False,2019-07-18 12:06:33,R_Apv7gwjnmCaqit3,,,,,,,anonymous,EN,,,,,,,,,,,,,,,,,
2019-07-11 20:57:12,2019-07-11 20:58:53,IP Address,77.111.247.71,10,100,False,2019-07-18 21:13:11,R_33xPLt1KLprEl2S,,,,,,,anonymous,EN,,,,,,,,,,,,,,,,,
2019-07-18 21:14:23,2019-07-18 21:24:26,IP Address,129.255.225.134,100,603,True,2019-07-18 21:24:27,R_dmTKxLXOapZgLgl,,,,,41.66180419921875,-91.54090118408203125,anonymous,EN,,,,,,,,,,,,,,,,,
2019-07-12 08:20:48,2019-07-12 08:22:30,IP Address,107.77.207.6,10,102,False,2019-07-19 08:23:22,R_3CPWNsnxwS28afM,,,,,,,anonymous,EN,,,,,,,,,,,,,,,,,
2019-07-15 07:29:09,2019-07-15 07:29:40,IP Address,128.255.85.5,10,31,False,2019-07-22 07:29:47,R_DRVoBcPXX6UmwY9,,,,,,,anonymous,EN,,,,,,,,,,,,,,,,,
2019-07-22 13:51:37,2019-07-22 13:54:50,IP Address,129.255.229.128,100,192,True,2019-07-22 13:54:50,R_3dJMyaTMAwOYj9u,,,,,41.66180419921875,-91.54090118408203125,anonymous,FR,yann,vanrobaeys,Male,,yvanrobaeys@uiowa.edu,,"June 21st: Shell/Software Installation,June 28th: Git/Github,July 5th: Python Introduction (Remote Help),July 12th: R Introduction,July 19th: High Performance Computing (HPC)",3,4,1,2,5,,No,,,
2019-07-22 14:20:52,2019-07-22 14:23:06,IP Address,128.255.152.48,100,134,True,2019-07-22 14:23:07,R_3qy3K9gw8Nxsg4c,,,,,37.751007080078125,-97.82199859619140625,anonymous,EN,Gavin,Ramos,Male,,gavin-davis-ramos@uiowa.edu,,,,,,,,,No,,,
2019-07-23 08:43:57,2019-07-23 08:48:57,IP Address,107.77.173.4,100,300,True,2019-07-23 08:48:57,R_3qdGDKBqntRAJ51,,,,,38.577392578125,-90.6708984375,anonymous,EN,Adam,Strier,Male,,addam@protonmail.com,no,,3,2,5,1,4,,No,,,
2019-07-17 10:01:16,2019-07-17 10:01:47,IP Address,173.28.219.174,10,30,False,2019-07-24 10:01:48,R_0GjLyYFqSoCmWdz,,,,,,,anonymous,ZH-S,,,,,,,,,,,,,,,,,
2019-07-19 09:26:45,2019-07-19 09:27:47,IP Address,128.255.221.47,10,62,False,2019-07-26 09:27:51,R_s5n7hnyUfndn6hP,,,,,,,anonymous,EN,,,,,,,,,,,,,,,,,
2019-07-22 08:39:44,2019-07-22 09:57:53,IP Address,128.255.155.249,10,4689,False,2019-07-27 09:06:22,R_byJpvQVdn1lNdpT,,,,,,,anonymous,EN,,,,,,,,,,,,,,,,,
2019-07-23 10:21:21,2019-07-23 10:21:43,IP Address,128.255.85.80,10,22,False,2019-07-27 09:06:24,R_3PCeuHUFmMYtQU3,,,,,,,anonymous,EN,,,,,,,,,,,,,,,,,
2019-07-22 15:51:28,2019-07-22 16:15:04,IP Address,128.255.222.68,10,1415,False,2019-07-27 09:06:24,R_1pMr6cyolEBWVm9,,,,,,,anonymous,EN,,,,,,,,,,,,,,,,,
2019-07-23 08:10:32,2019-07-23 08:11:09,IP Address,129.255.231.82,10,36,False,2019-07-27 09:06:25,R_QmDC922U1Zkrp3X,,,,,,,anonymous,EN,,,,,,,,,,,,,,,,,
