StartDate,EndDate,Status,IPAddress,Progress,Duration (in seconds),Finished,RecordedDate,ResponseId,RecipientLastName,RecipientFirstName,RecipientEmail,ExternalReference,LocationLatitude,LocationLongitude,DistributionChannel,UserLanguage,Q1,Q17,Q2,Q3,Q4,Q5,Q9,Q8,Q8_6_TEXT,Q18,Q6,Q7,Q11,Q10,Q13,Q_SocialSource
Start Date,End Date,Response Type,IP Address,Progress,Duration (in seconds),Finished,Recorded Date,Response ID,Recipient Last Name,Recipient First Name,Recipient Email,External Data Reference,Location Latitude,Location Longitude,Distribution Channel,User Language,Did you attend any of the U-Iowa Brainhack 2020 Friday discussions?,Did you use any of the tutorial material given in the U-Iowa Brainhack 2020?,"Did you find the experience of U-Iowa Brainhack 2020, given Covid-19 restrictions as:",Was there a difference between event expectation compared with event experience?,How likely is it that you would recommend Brainhack to a friend or colleague?,"Was Brainhack Tutorial series (8 weeks) too short/too long, or just about right?",How was the amount of material we covered over the 8 weeks?,"If you did not attend all Friday discussion sessions, please select the reasons you did not attend (select all that apply) - Selected Choice","If you did not attend all Friday discussion sessions, please select the reasons you did not attend (select all that apply) - Other - Text",How valuable did you find the tutorial material? (Did the online notebooks/readings help you meet your goal of learning python?),How valuable did you find the Friday discussions? (Did the discussions help you meet your goal of learning python?),Please provide any suggestions/comments/complaints you have about the tutorial material and/or about the Friday discussions. (HINT: we encourage brief but thorough responses),Were emails and event resources disseminated in a timely fashion?,"Brainhack 2021: Pending a return to the normal format. What kind of faculty speaker and topics at the University of Iowa would you like to hear a pitch from at next year's Brainhack? (feel free to name one or more faculty like so: ""Kai
Hwang - Functional Connectivity in Neuroimaging"")",How was your experience with Slack as a communication medium?,Q_SocialSource
"{""ImportId"":""startDate"",""timeZone"":""America/Denver""}","{""ImportId"":""endDate"",""timeZone"":""America/Denver""}","{""ImportId"":""status""}","{""ImportId"":""ipAddress""}","{""ImportId"":""progress""}","{""ImportId"":""duration""}","{""ImportId"":""finished""}","{""ImportId"":""recordedDate"",""timeZone"":""America/Denver""}","{""ImportId"":""_recordId""}","{""ImportId"":""recipientLastName""}","{""ImportId"":""recipientFirstName""}","{""ImportId"":""recipientEmail""}","{""ImportId"":""externalDataReference""}","{""ImportId"":""locationLatitude""}","{""ImportId"":""locationLongitude""}","{""ImportId"":""distributionChannel""}","{""ImportId"":""userLanguage""}","{""ImportId"":""QID1""}","{""ImportId"":""QID17""}","{""ImportId"":""QID3""}","{""ImportId"":""QID10_TEXT""}","{""ImportId"":""QID2""}","{""ImportId"":""QID4""}","{""ImportId"":""QID8""}","{""ImportId"":""QID7""}","{""ImportId"":""QID7_6_TEXT""}","{""ImportId"":""QID18""}","{""ImportId"":""QID5""}","{""ImportId"":""QID6_TEXT""}","{""ImportId"":""QID11""}","{""ImportId"":""QID9_TEXT""}","{""ImportId"":""QID13""}","{""ImportId"":""Q_SocialSource""}"
2020-07-13 10:29:58,2020-07-13 11:07:25,IP Address,63.152.8.196,100,2246,True,2020-07-13 11:07:26,R_2Ptdy3toHJiY1Ki,,,,,42.044097900390625,-91.6006011962890625,social,EN,Yes,Yes,Partially Met Expectations,"I think I misinterpreted the promotion, I thought this was going to be of a format closer to a class but it was a discussion. Where we landed in the discussion depended heavily on the discussion leader so different groups had wildly different discussion and not always we had the time to conciliate all the discussions at the end.
I would recommend more elaborate exercises so that a systematic discussion about them is possible. I feel like the amount of material was adequate but the exercises (often times too trivial) didn't provide enough motivation to play with the new concepts we were learning.
",Moderately likely,Just Right,just right,Other,I think I only missed one and it was because that Friday I wasn't feeling right.,Very valuable,Moderately valuable,"I would include more elaborate exercises, and to focus the beginning of the discussion not on the new concepts but on the exercises themselves.",Yes,,positive,email
2020-07-13 11:11:06,2020-07-13 11:15:40,IP Address,69.80.146.77,100,274,True,2020-07-13 11:15:40,R_2truf9pezHqW5iQ,,,,,41.64349365234375,-91.5684967041015625,social,EN,No,Yes,Above and Beyond Expectations,Not at all. I think the event exceed my expectations and I learned a great deal!,Extremely likely,Just Right,just right,Other,"I felt I was learning a lot using the tutorials and didn't feel the need to attend the question and answer session every Friday,",Extremely valuable,,"Tutorial material was excellent! I had little to no background on coding and the tutorials and readings were very basic and easy for a beginner level coder to understand

I did not exactly understand the purpose of the Friday Zoom sessions. Were they extra lectures on other topics? Was it just for people that had questions and needed answers? I never attended because I didn't feel like I had any questions that required an in-depth Zoom session to answer. ",Sometimes,,neutral,email
2020-07-13 11:54:43,2020-07-13 12:02:54,IP Address,104.201.123.74,100,490,True,2020-07-13 12:02:54,R_12L1FGvyO3ub7Np,,,,,41.64349365234375,-91.5684967041015625,social,EN,Yes,Yes,Exceeded Expectations,Experience was great and learned a lot considering the fact that this was the first time learning about Python.,Extremely likely,Just Right,just right,Other,"Towards the end, my laptop for some reason couldnt load the google colab. it kept returning errors.",Extremely valuable,Very valuable,The Friday discussions were very useful and hands-on. The whole session was well organized.,Yes,I wish other areas such as textual data analysis were introduced too.,positive,email
2020-07-13 15:52:55,2020-07-13 16:06:10,IP Address,50.81.228.12,100,794,True,2020-07-13 16:06:10,R_3LYfS4sVGtLubZe,,,,,41.662200927734375,-91.51490020751953125,social,EN,Yes,Yes,Partially Met Expectations,"Yes, Some of the breaking rooms did excellent job by discussing all the materials given and engaging all the members, while others discussed the first lines of codes  and the discussion was very brief. ",Moderately likely,Just Right,just right,"I got too busy,My summer schedule made it impossible",,Very valuable,Slightly valuable,,Sometimes,,positive,email
2020-07-16 13:54:19,2020-07-16 13:58:14,IP Address,107.77.210.109,100,235,True,2020-07-16 13:58:15,R_1roHFOsEndBRhuN,,,,,41.7790069580078125,-87.778900146484375,social,EN,Yes,Yes,Exceeded Expectations,N/a,Extremely likely,Slightly Too Short,just right,,,Moderately valuable,Moderately valuable,,Yes,,positive,email
2020-07-16 14:17:16,2020-07-16 14:18:51,IP Address,173.24.114.107,100,95,True,2020-07-16 14:18:52,R_1C7QElzsbpCGAId,,,,,41.6343994140625,-91.505401611328125,social,EN,Yes,Yes,Met Expectations,,Extremely likely,Just Right,just right,I got too busy,,Extremely valuable,Extremely valuable,,Yes,,positive,email
2020-07-16 14:56:20,2020-07-16 15:00:52,IP Address,173.31.18.134,100,272,True,2020-07-16 15:00:52,R_0iAfVBC8zMwQy7n,,,,,41.662200927734375,-91.51490020751953125,social,EN,Yes,Yes,Met Expectations,"I had not attended the in-person version before so I had neutral expectations coming in. ",Extremely likely,Slightly Too Long,just right,My summer schedule made it impossible,,Very valuable,Moderately valuable,"I liked when my discussion leader went through the entire exercise with us as a group. It made it easier for me to see/remember where I struggled and ask questions related to that.  ",Yes,,neutral,email
2020-07-16 14:59:43,2020-07-16 15:01:44,IP Address,50.80.45.49,100,121,True,2020-07-16 15:01:45,R_BspJtr3dwHJXchb,,,,,41.551605224609375,-90.50170135498046875,social,EN,Yes,Yes,Above and Beyond Expectations,,Extremely likely,Just Right,just right,I got too busy,,Extremely valuable,Extremely valuable,,Yes,,positive,email
2020-07-31 12:29:03,2020-07-31 12:39:39,IP Address,129.255.239.89,100,636,True,2020-07-31 12:39:39,R_29gZSffaQqbjbdu,,,,,41.64349365234375,-91.5684967041015625,social,EN,Yes,Yes,Exceeded Expectations,I was not expecting the instructor's availability for discussion (it was amazing). I was expecting more like do it yourself.,Extremely likely,Just Right,just right,,,Very valuable,Extremely valuable,"One positive point in this course was the instructors availability for discussion but sometimes, looked like the instructor was not prepared and as a consequence the time was not used properly. I think that is important to prepare in order to explore more options, examples, errors etc... inside each topic.",Yes,,neutral,email
