StartDate,EndDate,Status,IPAddress,Progress,Duration (in seconds),Finished,RecordedDate,ResponseId,RecipientLastName,RecipientFirstName,RecipientEmail,ExternalReference,LocationLatitude,LocationLongitude,DistributionChannel,UserLanguage,Q2,Q3,Q4,Q5,Q6,Q7,Q8,Q9,Q9_6_TEXT,Q10,Q11,Q11_7_TEXT,Q12,Q13,Q13_5_TEXT,Q14,Q15,Q16,Q17,Q18,Q19,Q20,Q21,Q22,Q23,Q23_6_TEXT,Q24
Start Date,End Date,Response Type,IP Address,Progress,Duration (in seconds),Finished,Recorded Date,Response ID,Recipient Last Name,Recipient First Name,Recipient Email,External Data Reference,Location Latitude,Location Longitude,Distribution Channel,User Language,Did you attend any portion of Brainhack 2020?,How likely is it that you would recommend Brainhack to a friend or colleague?,"Overall, how would you rate your experience at Brainhack 2020?","Was the Brainhack too short, too long, or just about right?",Did you attend either the Docker/Singularity or the Neuroimaging in Python tutorials?,"Overall, how would you rate the accessibility of the tutorial(s)?",Please provide any suggestions you have to improve the tutorial(s),List the reasons you did not attend Brainhack 2020 (select all that apply) - Selected Choice,List the reasons you did not attend Brainhack 2020 (select all that apply) - Other: - Text,Did you use any of the learning materials in the pre-brainhack workshops? (i.e. the materials assigned five weeks leading up to the brainhack),Why did you not use the pre brainhack materials? (select all that apply) - Selected Choice,Why did you not use the pre brainhack materials? (select all that apply) - Other: - Text,Did you attend any of the pre-brainhack hacky hours? (office hours),Why did you not attend hacky hours? (office hours). Select all that apply. - Selected Choice,Why did you not attend hacky hours? (office hours). Select all that apply. - Other - Text,"Please provide any suggestions you have to improve hacky hours for the lessons leading up to the brainhack. (If none, feel free to continue)","Brainhack 2020: Who at the university of Iowa would you like to hear a project pitch from at next year's brainhack? (feel free to name one or more faculty like so: ""Kai Hwang - Graph Theory in Neuroimaging"")",Brainhack 2020: What computational biology/Neuroscience topics/tool sets are you most interested in working with at next year's brainhack? (ex: R Package Manager Bioconductor: mRNA analysis),Are you willing to answer a few more in depth questions about your experience of the brainhack?,Did your perception of the brainhack match your experience?,What was different between event expectation compared with event experience? (1 or more quick comments),Did you feel the structure of the Brainhack facilitated your goals for the event?,Were email and event resources disseminated in a timely fashion?,"What kinds of analysis techniques or software packages did you feel were most useful this year? (list packages in python, R, and/or whatever other technologies you used that you found helpful)",Which of the following did you feel were not clearly communicated for hacky hour(s) and the brainhack event? - Selected Choice,Which of the following did you feel were not clearly communicated for hacky hour(s) and the brainhack event? - Other - Text,What are your closing thoughts about the brainhack and/or suggestions for improvement?
"{""ImportId"":""startDate"",""timeZone"":""America/Denver""}","{""ImportId"":""endDate"",""timeZone"":""America/Denver""}","{""ImportId"":""status""}","{""ImportId"":""ipAddress""}","{""ImportId"":""progress""}","{""ImportId"":""duration""}","{""ImportId"":""finished""}","{""ImportId"":""recordedDate"",""timeZone"":""America/Denver""}","{""ImportId"":""_recordId""}","{""ImportId"":""recipientLastName""}","{""ImportId"":""recipientFirstName""}","{""ImportId"":""recipientEmail""}","{""ImportId"":""externalDataReference""}","{""ImportId"":""locationLatitude""}","{""ImportId"":""locationLongitude""}","{""ImportId"":""distributionChannel""}","{""ImportId"":""userLanguage""}","{""ImportId"":""QID93""}","{""ImportId"":""QID172807697""}","{""ImportId"":""QID172807701""}","{""ImportId"":""QID172807686""}","{""ImportId"":""QID99""}","{""ImportId"":""QID100""}","{""ImportId"":""QID102_TEXT""}","{""ImportId"":""QID94""}","{""ImportId"":""QID94_6_TEXT""}","{""ImportId"":""QID172807685""}","{""ImportId"":""QID92""}","{""ImportId"":""QID92_7_TEXT""}","{""ImportId"":""QID107""}","{""ImportId"":""QID108""}","{""ImportId"":""QID108_5_TEXT""}","{""ImportId"":""QID109_TEXT""}","{""ImportId"":""QID95_TEXT""}","{""ImportId"":""QID96_TEXT""}","{""ImportId"":""QID104""}","{""ImportId"":""QID97""}","{""ImportId"":""QID105_TEXT""}","{""ImportId"":""QID110""}","{""ImportId"":""QID112""}","{""ImportId"":""QID98_TEXT""}","{""ImportId"":""QID113""}","{""ImportId"":""QID113_6_TEXT""}","{""ImportId"":""QID114_TEXT""}"
2019-07-28 21:47:38,2019-07-28 21:48:56,Survey Preview,,100,77,True,2019-07-28 21:48:56,R_3qjSocxpXovDYIe,,,,,41.64349365234375,-91.5684967041015625,preview,EN,Yes,Moderately likely,Slightly good,Just right,I attended both tutorials,Slightly good,,,,Yes,,,No,,,,,,Yes,No,,,,,,,
2019-07-31 09:11:01,2019-07-31 09:18:11,Survey Preview,,100,430,True,2019-07-31 09:18:11,R_3Pi8oPCL8yXPrqa,,,,,41.66180419921875,-91.54090118408203125,preview,EN,No,,,,,,,,,,,,,,,,,,,,,,,,,,
2019-07-31 09:18:15,2019-07-31 09:19:34,Survey Preview,,100,78,True,2019-07-31 09:19:34,R_2t6iRpNaoShUJ7b,,,,,41.66180419921875,-91.54090118408203125,preview,EN,Yes,Neither likely nor unlikely,Neither good nor bad,Just right,I attended both tutorials,Slightly good,,,,Yes,,,Yes,,,,,,,,,,,,,,
2019-07-31 09:38:07,2019-07-31 09:38:45,Survey Preview,,100,38,True,2019-07-31 09:38:45,R_2yqLmen9NDHpH80,,,,,41.66180419921875,-91.54090118408203125,preview,EN,No,,,,,,,"It was unclear what I do at Brainhack,I did not feel qualified to attend Brainhack",,,,,,,,,,,,,,,,,,,
2019-07-31 14:35:06,2019-07-31 14:35:39,Survey Preview,,100,32,True,2019-07-31 14:35:39,R_1QasokSjCM5PchJ,,,,,41.9503936767578125,-91.689697265625,preview,EN,Yes,Moderately likely,Neither good nor bad,Just right,I attended neither tutorials,,,,,No,,,,,,,,,,,,,,,,,
2019-08-02 08:15:49,2019-08-02 08:17:17,IP Address,128.255.31.208,100,88,True,2019-08-02 08:17:18,R_Zh66fu3vpgXXkTD,,,,,37.751007080078125,-97.82199859619140625,anonymous,EN,Yes,Extremely likely,Extremely good,Just right,I attended the Docker/Singularity tutorial,Extremely good,,,,Yes,,,No,Other,,,,,No,,,,,,,,
2019-08-02 08:30:20,2019-08-02 08:31:34,IP Address,128.255.152.67,100,74,True,2019-08-02 08:31:34,R_2qCX32OjFxYp7Cx,,,,,37.751007080078125,-97.82199859619140625,anonymous,EN,Yes,Moderately likely,Moderately good,Just right,I attended neither tutorials,,,,,No,"I already knew the material,I did not have time to use the material",,,,,,,,No,,,,,,Other,None,
2019-08-02 09:37:08,2019-08-02 09:38:03,IP Address,128.255.222.51,100,55,True,2019-08-02 09:38:03,R_bwJdPvcVnQ12Hgl,,,,,37.751007080078125,-97.82199859619140625,anonymous,EN,No,,,,,,,It was unclear what I do at Brainhack,,,,,,,,,,,,,,,,,"Required Materials for Brainhack (e.g., computer, software)",,
2019-08-02 13:06:39,2019-08-02 13:09:38,IP Address,128.255.9.132,100,179,True,2019-08-02 13:09:39,R_2ONPFvsQ8QYsAA6,,,,,37.751007080078125,-97.82199859619140625,anonymous,EN,Yes,Extremely likely,Extremely good,Just right,I attended the Neuroimaging in Python tutorial,Extremely good,"It would've been great if we can have a chance to play around with data more. ",,,Yes,,,Yes,,,,"Yes! Graph Theory would be helpful. ",,Yes,Yes,,Definitely yes,Absolutely,"I am currently using SAS but shifting to R ",Event Schedule,,
2019-08-02 13:07:21,2019-08-02 13:09:57,IP Address,128.255.221.213,100,156,True,2019-08-02 13:09:57,R_2b1PziSbFN4JEaX,,,,,37.751007080078125,-97.82199859619140625,anonymous,EN,Yes,Slightly likely,Slightly good,Just right,I attended the Docker/Singularity tutorial,Moderately good,More time to work on examples,,,Yes,,,Yes,,,,Jacob Michaelson: RNAseq data analysis,,No,,,,,,,,"Thanks for putting together a useful resource! As a novice, I might have liked just a basic coding bootcamp with Lynda tutorials or something rather than trying to keep up with more advanced coders."
2019-08-02 14:36:01,2019-08-02 14:39:49,IP Address,50.82.37.133,100,228,True,2019-08-02 14:39:50,R_27Puc7wcWj79Stl,,,,,41.64349365234375,-91.5684967041015625,anonymous,EN,No,,,,,,,Other:,I attended unexpected trips right around this time and therefore did not have time. I heard it was awesome from one of my students that attended.,,,,,,,,,I am not sure. I will defer to your judgement. You did great this year.,,,,,,,,,You did an awesome job with communication leading up to the brainhack and with the five weeks of preparatory material. I feel that I really missed an opportunity by not having time to attend this year. I am really looking forward to next year and will make sure my students attend.
2019-08-02 16:08:56,2019-08-02 16:20:30,IP Address,50.81.230.199,100,694,True,2019-08-02 16:20:31,R_3D0ZT68xb3Q6AMH,,,,,41.64349365234375,-91.5684967041015625,anonymous,EN,Yes,Moderately likely,Extremely good,Just right,I attended neither tutorials,,,,,Yes,,,Yes,,,"Possible addition of typical ""hard topics"" to cover if none are obvious or suggested in slack work-group page (increase incentive for attendance?)","Bob McMurray - Machine Learning in ECOG/Signal-LFP processing

Kai Wang - RNA-Seq normalization and/or Genomics of rare disorder variants","Neuroconductor (Python)

Bioconductor (R)",Yes,No,"I expected more discrete tasks within working groups. Was far more collaborative than imagined. Communication was very high and key to our success. ",Probably not,Sort Of,"Packages-Python: Numpy, Pandas, Nibabel, Nipype, Keras 

General Sources: Google scholar, Oneleaf, Slack","Parking,Event Schedule",,"I think a more regimented schedule can be implemented with INCREASED faculty (potentially) becoming more involved and seeing this as a collaborative exercise and opportunity to work on a technical problem in a large group. Possibility for faculty to navigate this process with trainees (lab team) so they might gain greater knowledge of how this process can play out. 

"
2019-08-02 17:43:02,2019-08-02 17:58:35,IP Address,104.201.123.131,100,933,True,2019-08-02 17:58:36,R_eQyl4Ex3f5SqTdL,,,,,41.64349365234375,-91.5684967041015625,anonymous,EN,Yes,Moderately likely,Extremely good,Just right,I attended the Docker/Singularity tutorial,Moderately good,"The tutorial was not overly crowded, so this wasn't an issue, but I'd imagine if there were more people it would be smart to split into groups of more vs less experienced users. ",,,No,I did not have time to use the material,,,,,,,,Yes,No,"I was pleasantly surprised at how it was casual, in the sense of meeting people at their skill level and with their skill set.",Probably yes,Sort Of,Singularity/Docker,,,"Having a variety of projects presented would be helpful for people who may feel unsure of how their skills might contribute to the event in general. I feel that this was largely accomplished for the number of people who were in attendance, and should be scaled up if there were more people in the future."
2019-08-06 07:44:11,2019-08-06 07:51:12,IP Address,129.255.227.123,100,420,True,2019-08-06 07:51:12,R_2S9owvIrtrx8Fm2,,,,,41.66180419921875,-91.54090118408203125,anonymous,EN,Yes,Extremely likely,Extremely good,Slightly too long,I attended neither tutorials,,,,,Yes,,,No,"I did not have time to attend hacky hours,Other",time+location made it hard to get over there,,"Kai Hwang - Graph Theory in Neuroimaging

Tim Koscik and post-mortem imaging and/or high-res MR imaging

More like Maria's on computational biology problems associated with metabolism","R packages for ""omics""
R for directly working with MR imaging data",Yes,Yes,,Probably yes,Absolutely,software carpentry lessons on bash and R were very helpful (but I had a running start on their use),Other,couldn't easily find submitted project pitches before hand,"Space was great.

If project pitches can be more easily accessible before hand, these could help advertise the event.

Great job!"
2019-08-12 10:32:33,2019-08-12 10:33:51,IP Address,50.82.36.167,100,77,True,2019-08-12 10:33:51,R_1CJ9p9WByTpZphP,,,,,41.6941070556640625,-91.593902587890625,anonymous,EN,Yes,Extremely likely,Moderately good,Just right,I attended neither tutorials,,,,,Yes,,,Yes,,,,,"mRNA analysis would be nice. ",No,,,,,,,,"great work, organizers! "
2019-08-12 10:25:45,2019-08-12 10:46:39,IP Address,128.255.222.215,100,1254,True,2019-08-12 10:46:40,R_3G25R2VteJoiFis,,,,,41.6343994140625,-91.505401611328125,anonymous,EN,Yes,Extremely likely,Moderately good,Just right,I attended neither tutorials,,,,,Yes,,,No,I did not have time to attend hacky hours,,,,,Yes,Yes,,Definitely yes,Absolutely,"The project I worked on could have used R but since I was more comfortable with python, I used that instead. Thankfully, James pointed us to the free online version of a Pandas textbook, Pandas was able to replicate the capabilities of R so that made solving the research problem easier.",Event Schedule,,I thought the format this year was good. I'd suggest that you find a way to notify people of the upcoming workshops during hacky hour. I say that because I was too entrenched in solving my problem that I missed the docker event.
2019-08-12 10:27:07,2019-08-12 13:50:04,IP Address,128.255.223.48,100,12177,True,2019-08-12 13:50:04,R_6JAtNh9Eg7Pjo9r,,,,,41.64349365234375,-91.5684967041015625,anonymous,EN,Yes,Moderately likely,Moderately good,Slightly too long,I attended the Neuroimaging in Python tutorial,Slightly good,"A lot of time was spent installing things, and helping people with basics.  
To me, this indicates that we should provide access to basic tutorials at the Brainhack itself, or maybe at a separate official event.  People across campus are craving that, but doing it on your own time isn't as viable for many.  Having an in-person walkthrough of the tutorials will be attractive to lots of people.  ",,,No,"I already knew the material,I did not have time to use the material",,,,,,"Rainbo Hultman -- ""Electomes"" in fear and stress-related behaviors (how does the code work?)
","'- Bioconductor: RNAseq, proteomics, etc.
- Matlab/Octave programming in neural signal analysis",Yes,Yes,,Probably yes,Absolutely,"I used R and Rstudio primarily during this year's brainhack.  Packages that I used included tidyr, dplyr, and ggplot2.  We were also trying out igraph briefly.  ",,,
2019-08-12 15:57:13,2019-08-12 16:19:29,IP Address,129.255.227.184,100,1336,True,2019-08-12 16:19:29,R_3h3Vs5ol4LINmjm,,,,,41.66180419921875,-91.54090118408203125,anonymous,EN,Yes,Extremely likely,Extremely good,Slightly too long,I attended neither tutorials,,,,,No,I did not have time to use the material,,,,,,"N/A ",N/A,Yes,Yes,,Probably yes,Absolutely,"I'm not sure what packages we used in Python. ","Required Materials for Brainhack (e.g., computer, software)",,"I benefited from Brainhack 2019 by being exposure to disciplines different from mine and engaging in interdisciplinary collaborative efforts. I learned about how my skill set is useful outside of the context I usually apply it to. I wish I had taken more advantage of introduction to programming help that was offered throughout the 5 weeks leading up to the experience. Over the course of the two days, I had to choose between working on the team project and doing the introductory workshops and I chose the team project. Although it was a very positive experience, I wish I had knowledge of the project proposals before hand. It would have made it easier to be up to speed on the specific project I chose and to know what resources I needed before working on the project. Also, I think I would have preferred to do smaller chunks of time per day over more days as opposed to long hours over a short two day period. Again, overall I feel the experience was extremely valuable to me and I would certainly do it again. "
2019-08-15 14:06:16,2019-08-15 14:07:05,IP Address,128.255.116.251,100,49,True,2019-08-15 14:07:06,R_1LtIE7zeToUchHN,,,,,41.64349365234375,-91.5684967041015625,anonymous,EN,Yes,Slightly unlikely,Neither good nor bad,,I attended the Neuroimaging in Python tutorial,Extremely good,,,,,,,,,,,,,,,,,,,Event Schedule,,
